toriCd,toriNm,toriKana,toriKbn,toriTel,toriShohin,naigaiKbn,zipCode,add1,add2,tantoBusho,tantosha,tantoBushoTel,payJoken,depoJoken,toriStartDate,toriEndDate,memo,createDate,createUser,updateDate,updateUser
大阪府北区,中之島ビル,2024/01/08,admin,1,追加あり,1,1,営業課,09011112222,斉藤,1,2025/12/24,ゴールドコウギョウ,1,東京コンピュータサービス,電池,2024/12/12,08011112222,,,639-1101
大阪府北区,中之島ビル,2024/01/08,admin,1,追加あり,1,1,営業課,09011112222,斉藤,2,2025/12/24,ゴールドコウギョウ,1,ゴールド工業,電池,2024/12/12,08011112222,,,639-1101
大阪府北区,中之島ビル,2024/01/08,admin,1,追加あり,1,1,営業課,09011112222,斉藤,3,2025/12/24,ゴールドコウギョウ,1,関電システムズ,電池,2024/12/12,08011112222,,,639-1101
大阪府北区,中之島ビル,2024/01/08,admin,1,追加あり,1,1,営業課,09011112222,斉藤,4,2025/12/24,ゴールドコウギョウ,1,NTT Data,電池,2024/12/12,08011112222,,,639-1101
大阪府北区,中之島ビル,2024/01/08,admin,1,追加あり,1,1,営業課,09011112222,斉藤,5,2025/12/24,ゴールドコウギョウ,1,TIS株式会社,電池,2024/12/12,08011112222,,,639-1101
大阪府北区,中之島ビル,2024/01/08,admin,1,追加あり,1,1,営業課,09011112222,斉藤,6,2025/12/24,ゴールドコウギョウ,1,関西電力,電池,2024/12/12,08011112222,,,639-1101
大阪府北区,中之島ビル,2024/01/08,admin,1,追加あり,1,1,営業課,09011112222,斉藤,7,2025/12/24,ゴールドコウギョウ,1,ゴールド工業,電池,2024/12/12,08011112222,,,639-1101
大阪府北区,中之島ビル,2024/01/08,admin,1,追加あり,1,1,営業課,09011112222,斉藤,8,2025/12/24,ゴールドコウギョウ,1,東京コンピュータサービス,電池,2024/12/12,08011112222,,,639-1101
大阪府北区,中之島ビル,2024/01/08,admin,1,追加あり,1,1,営業課,09011112222,斉藤,9,2025/12/24,ゴールドコウギョウ,1,関西電力,電池,2024/12/12,08011112222,,,639-1101
大阪府北区,中之島ビル,2024/01/08,admin,1,追加あり,1,1,営業課,09011112222,斉藤,10,2025/12/24,ゴールドコウギョウ,1,TIS株式会社,電池,2024/12/12,08011112222,,,639-1101
大阪府北区,中之島ビル,2024/01/08,admin,1,追加あり,1,1,営業課,09011112222,斉藤,11,2025/12/24,ゴールドコウギョウ,1,NTT Data,電池,2024/12/12,08011112222,,,639-1101
大阪府北区,中之島ビル,2024/01/08,admin,1,追加あり,1,1,営業課,09011112222,斉藤,12,2025/12/24,ゴールドコウギョウ,1,関電システムズ,電池,2024/12/12,08011112222,,,639-1101
大阪府北区,中之島ビル,2024/01/08,admin,1,追加あり,1,1,営業課,09011112222,斉藤,13,2025/12/24,ゴールドコウギョウ,1,ゴールド工業,電池,2024/12/12,08011112222,,,639-1101
大阪府北区,中之島ビル,2024/01/08,admin,1,追加あり,1,1,営業課,09011112222,斉藤,14,2025/12/24,ゴールドコウギョウ,1,東京コンピュータサービス,電池,2024/12/12,08011112222,,,639-1101
大阪府北区,中之島ビル,2024/01/08,admin,1,追加あり,1,1,営業課,09011112222,斉藤,15,2025/12/24,ゴールドコウギョウ,1,関西電力,電池,2024/12/12,08011112222,,,639-1101
大阪府北区,中之島ビル,2024/01/08,admin,1,追加あり,1,1,営業課,09011112222,斉藤,16,2025/12/24,ゴールドコウギョウ,1,TIS株式会社,電池,2024/12/12,08011112222,,,639-1101
大阪府北区,中之島ビル,2024/01/08,admin,1,追加あり,1,1,営業課,09011112222,斉藤,17,2025/12/24,ゴールドコウギョウ,1,NTT Data,電池,2024/12/12,08011112222,,,639-1101
大阪府北区,中之島ビル,2024/01/08,admin,1,追加あり,1,1,営業課,09011112222,斉藤,18,2025/12/24,ゴールドコウギョウ,1,関電システムズ,電池,2024/12/12,08011112222,,,639-1101
大阪府北区,中之島ビル,2024/01/08,admin,1,追加あり,1,1,営業課,09011112222,斉藤,19,2025/12/24,ゴールドコウギョウ,1,ゴールド工業,電池,2024/12/12,08011112222,,,639-1101
大阪府北区,中之島ビル,2024/01/08,admin,1,追加あり,1,1,営業課,09011112222,斉藤,20,2025/12/24,ゴールドコウギョウ,1,東京コンピュータサービス,電池,2024/12/12,08011112222,,,639-1101
大阪府北区,中之島ビル,2024/01/08,admin,1,追加あり,1,1,営業課,09011112222,斉藤,21,2025/12/24,ゴールドコウギョウ,1,関西電力,電池,2024/12/12,08011112222,,,639-1101
大阪府北区,中之島ビル,2024/01/08,admin,1,追加あり,1,1,営業課,09011112222,斉藤,22,2025/12/24,ゴールドコウギョウ,1,TIS株式会社,電池,2024/12/12,08011112222,,,639-1101
大阪府北区,中之島ビル,2024/01/08,admin,1,追加あり,1,1,営業課,09011112222,斉藤,23,2025/12/24,ゴールドコウギョウ,1,NTT Data,電池,2024/12/12,08011112222,,,639-1101
大阪府北区,中之島ビル,2024/01/08,admin,1,追加あり,1,1,営業課,09011112222,斉藤,24,2025/12/24,ゴールドコウギョウ,1,関電システムズ,電池,2024/12/12,08011112222,,,639-1101
大阪府北区,中之島ビル,2024/01/08,admin,1,追加あり,1,1,営業課,09011112222,斉藤,25,2025/12/24,ゴールドコウギョウ,1,ゴールド工業,電池,2024/12/12,08011112222,,,639-1101
大阪府北区,中之島ビル,2024/01/08,admin,1,追加あり,1,1,営業課,09011112222,斉藤,26,2025/12/24,ゴールドコウギョウ,1,東京コンピュータサービス,電池,2024/12/12,08011112222,,,639-1101
大阪府北区,中之島ビル,2024/01/08,admin,1,追加あり,1,1,営業課,09011112222,斉藤,27,2025/12/24,ゴールドコウギョウ,1,関西電力,電池,2024/12/12,08011112222,,,639-1101
大阪府北区,中之島ビル,2024/01/08,admin,1,追加あり,1,1,営業課,09011112222,斉藤,28,2025/12/24,ゴールドコウギョウ,1,TIS株式会社,電池,2024/12/12,08011112222,,,639-1101
大阪府北区,中之島ビル,2024-04-16 14:24:39.157772,admin,1,追加あり,1,1,営業課,09011112222,斉藤,40,2025/12/24,ゴールドコウギョウ,1,ゴールド工業,電池,2024/12/12,08011112222,,,639-1101
大阪府北区,中之島ビル,2024-04-16 14:24:39.157772,admin,1,追加あり,1,1,営業課,09011112222,斉藤,41,2025/12/24,ゴールドコウギョウ,1,東京コンピュータサービス,電池,2024/12/12,08011112222,,,639-1101
大阪府北区,中之島ビル,2024-04-16 14:24:39.157772,admin,1,追加あり,1,1,営業課,09011112222,斉藤,42,2025/12/24,ゴールドコウギョウ,1,関西電力,電池,2024/12/12,08011112222,,,639-1101
大阪府北区,中之島ビル,2024-04-16 14:24:39.157772,admin,1,追加あり,1,1,営業課,09011112222,斉藤,43,2025/12/24,ゴールドコウギョウ,1,TIS株式会社,電池,2024/12/12,08011112222,,,639-1101
大阪府北区,中之島ビル,2024-04-16 14:24:39.157772,admin,1,追加あり,1,1,営業課,09011112222,斉藤,44,2025/12/24,ゴールドコウギョウ,1,NTT Data,電池,2024/12/12,08011112222,,,639-1101
大阪府北区,中之島ビル,2024-04-16 14:24:39.157772,admin,1,追加あり,1,1,営業課,09011112222,斉藤,45,2025/12/24,ゴールドコウギョウ,1,関電システムズ,電池,2024/12/12,08011112222,,,639-1101
